---
ocd_id: ocd-division/country:us/state:wa
places:
- place: aberdeen
  website: https://www.aberdeenwa.gov/
  last_city_info_council_members_run: '2025-03-18'
- place: airway_heights
  website: https://cawh.org/
  last_city_info_council_members_run: '2025-03-19'
- place: albion
  website:
- place: algona
  website: https://www.algonawa.gov/
  last_city_info_council_members_run: '2025-03-18'
- place: almira
  website: http://www.almirawashington.com/
  last_city_info_council_members_run: '2025-03-19'
- place: anacortes
  website: https://www.anacorteswa.gov/
- place: arlington
  website: https://www.arlingtonwa.gov/
  last_city_info_council_members_run: '2025-03-18'
- place: asotin
  website: https://cityofasotin.org/
  last_city_info_council_members_run: '2025-03-19'
- place: auburn
  website: https://www.auburnwa.gov/
  last_city_info_council_members_run: '2025-03-19'
- place: bainbridge_island
  website: https://www.bainbridgewa.gov/
  last_city_info_council_members_run: '2025-03-19'
- place: battle_ground
  website: https://www.cityofbg.org/
- place: beaux_arts_village
  website: https://www.beauxarts-wa.gov/
- place: bellevue
  website: https://bellevuewa.gov/
- place: bellingham
  website: https://cob.org/
- place: benton_city
  website: https://www.ci.benton-city.wa.us/
- place: bingen
  website: https://www.bingenwashington.org/
- place: black_diamond
  website: https://www.blackdiamondwa.gov/
- place: blaine
  website: https://www.ci.blaine.wa.us/
- place: bonney_lake
  website: https://www.ci.bonney-lake.wa.us/
- place: bothell
  website: https://www.bothellwa.gov/
- place: bremerton
  website: https://www.bremertonwa.gov/
- place: brewster
  website: https://www.cityofbrewsterwashington.org/
- place: bridgeport
  website: https://bridgeportwashington.net/
- place: brier
  website: http://www.ci.brier.wa.us/
- place: buckley
  website: https://www.cityofbuckley.com/
- place: bucoda
  website: https://www.bucoda.us/
- place: burien
  website: https://www.burienwa.gov/
- place: burlington
  website: https://burlingtonwa.gov/
- place: camas
  website: https://www.cityofcamas.us/
  last_city_info_council_members_run: '2025-03-19'
- place: carbonado
  website: https://www.carbonado.org/
- place: carnation
  website: https://www.carnationwa.gov/
- place: cashmere
  website: https://www.cityofcashmere.org/
  last_city_info_council_members_run: '2025-03-18'
- place: castle_rock
  website: https://ci.castle-rock.wa.us/
- place: cathlamet
  website: https://www.townofcathlamet.com/
- place: centralia
  website: https://www.cityofcentralia.com/
- place: chehalis
  website: https://www.ci.chehalis.wa.us/
- place: chelan
  website: https://cityofchelan.us/
- place: cheney
  website: https://www.cityofcheney.org/
- place: chewelah
  website: https://www.cityofchewelah.org/
- place: clarkston
  website: https://clarkston-wa.com/
- place: cle_elum
  website: https://cleelum.gov/
- place: clyde_hill
  website: https://www.clydehill.org/
- place: colfax
  website: https://www.colfaxwa.org/
- place: college_place
  website: https://www.cpwa.us/
- place: colton
  website: http://www.coltonwashington.us/
- place: colville
  website: https://www.colville.wa.us/
- place: conconully
  website: http://townofconconully.com/
- place: concrete
  website: https://www.townofconcrete.com/
- place: connell
  website: https://www.cityofconnell.com/
- place: cosmopolis
  website: https://www.cosmopoliswa.gov/
- place: coulee_city
  website: https://couleecitywa.org/
- place: coulee_dam
  website: https://townofcouleedam.org/
- place: coupeville
  website: https://townofcoupeville.org/
- place: covington
  website: https://www.covingtonwa.gov/
- place: creston
  website:
- place: cusick
  website: https://www.townofcusick.com/
- place: darrington
  website: https://townofdarrington.com/
- place: davenport
  website: https://www.davenportwa.us/
- place: dayton
  website: https://www.daytonwa.com/
- place: deer_park
  website: https://www.cityofdeerparkwa.com/
- place: des_moines
  website: https://www.desmoineswa.gov/
- place: dupont
  website: https://www.dupontwa.gov/
- place: duvall
  website: https://www.duvallwa.gov/
- place: east_wenatchee
  website: https://www.eastwenatcheewa.gov/
- place: eatonville
  website: https://eatonville-wa.gov/
- place: edgewood
  website: https://www.cityofedgewood.org/
- place: edmonds
  website: https://www.edmondswa.gov/
- place: electric_city
  website: https://www.electriccity.us/
- place: ellensburg
  website: https://ci.ellensburg.wa.us/
- place: elma
  website: https://cityofelma.com/
- place: elmer_city
  website: https://www.townofelmercity.com/
- place: endicott
  website: https://endicottwa.wordpress.com/
- place: entiat
  website: https://www.entiatwa.us/
- place: enumclaw
  website: https://www.cityofenumclaw.net/
- place: ephrata
  website: https://www.ephrata.org/
- place: everett
  website: https://everettwa.gov/
- place: everson
  website: https://www.ci.everson.wa.us/
- place: fairfield
  website: https://fairfieldwa.com/
- place: farmington
  website: https://farmingtonwa.com/
- place: federal_way
  website: https://www.federalwaywa.gov/
- place: ferndale
  website: https://www.cityofferndale.org/
- place: fife
  website: https://www.cityoffife.org/
- place: fircrest
  website: https://www.cityoffircrest.net/
- place: forks
  website: https://forkswashington.org/
- place: friday_harbor
  website: http://www.fridayharbor.org/
- place: garfield
  website: https://garfieldwa.com/
- place: george
  website: http://www.cityofgeorge.org/
- place: gig_harbor
  website: https://www.gigharborwa.gov/
- place: gold_bar
  website: https://cityofgoldbar.us/
- place: goldendale
  website: https://www.ci.goldendale.wa.us/
- place: grand_coulee
  website: https://gccitywa.org/
- place: grandview
  website: https://www.grandview.wa.us/
- place: granger
  website: https://www.grangerwashington.org/
- place: granite_falls
  website: https://ci.granite-falls.wa.us/
- place: hamilton
  website: https://www.townofhamiltonwa.com/
- place: harrah
  website:
- place: harrington
  website:
- place: hartline
  website:
- place: hatton
  website:
- place: hoquiam
  website: https://cityofhoquiam.com/
- place: hunts_point
  website: https://huntspoint-wa.gov/
- place: ilwaco
  website: https://ilwaco-wa.gov/
- place: index
  website:
- place: ione
  website:
- place: issaquah
  website: https://www.issaquahwa.gov/
- place: kahlotus
  website:
- place: kalama
  website: https://www.cityofkalama.com/
- place: kelso
  website: https://www.kelso.gov/
- place: kenmore
  website: https://www.kenmorewa.gov/
- place: kennewick
  website: https://www.go2kennewick.com/
- place: kent
  website: https://www.kentwa.gov/
- place: kettle_falls
  website: https://www.cityofkettlefalls.org/
- place: kirkland
  website: https://www.kirklandwa.gov/Home
- place: kittitas
  website: http://www.cityofkittitas.com/
- place: krupp
  website:
- place: la_center
  website: https://ci.lacenter.wa.us/
- place: la_conner
  website: https://www.townoflaconner.org/
- place: lacey
  website: https://cityoflacey.org/
- place: lacrosse
  website: https://www.lacrossewa.us/
- place: lake_forest_park
  website: https://www.cityoflfp.gov/
- place: lake_stevens
  website: https://www.lakestevenswa.gov/
- place: lakewood
  website: https://cityoflakewood.us/
- place: lamont
  website:
- place: langley
  website: https://www.langleywa.org/
- place: latah
  website:
- place: leavenworth
  website: https://cityofleavenworth.com/
- place: liberty_lake
  website: https://www.libertylakewa.gov/
- place: lind
  website:
- place: long_beach
  website: https://www.longbeachwa.gov/
- place: longview
  website: https://www.mylongview.com/
- place: lyman
  website: https://townoflyman.com/
- place: lynden
  website: https://www.lyndenwa.org/
- place: lynnwood
  website: https://www.lynnwoodwa.gov/Home
- place: mabton
  website: https://www.cityofmabton.com/
- place: malden
  website: https://maldenwaorg.wordpress.com/
- place: mansfield
  website: https://townofmansfield.net/
- place: maple_valley
  website: https://www.maplevalleywa.gov/
- place: marcus
  website:
- place: marysville
  website: https://marysvillewa.gov/
- place: mattawa
  website: https://www.cityofmattawa.com/
- place: mccleary
  website: https://www.cityofmccleary.com/
- place: medical_lake
  website: https://medical-lake.org/
- place: medina
  website: https://www.medina-wa.gov/
- place: mercer_island
  website: https://www.mercerisland.gov/
- place: mesa
  website:
- place: metaline
  website:
- place: metaline_falls
  website:
- place: mill_creek
  website: https://www.cityofmillcreek.com/
- place: millwood
  website: https://www.millwoodwa.us/
- place: milton
  website: https://www.cityofmilton.net/
- place: monroe
  website: https://www.monroewa.gov/
- place: montesano
  website: https://cityofmontesano.com/
- place: morton
  website: https://www.visitmorton.com/
- place: moses_lake
  website: https://www.cityofml.com/
- place: mossyrock
  website: https://www.cityofmossyrock.com/
- place: mount_vernon
  website: https://www.mountvernonwa.gov/
- place: mountlake_terrace
  website: https://www.cityofmlt.com/
- place: moxee
  website: https://cityofmoxee.us/
- place: mukilteo
  website: https://mukilteowa.gov/
- place: naches
  website: https://townofnaches.com/
- place: napavine
  website: https://www.cityofnapavine.com/
- place: nespelem
  website: https://www.townofnespelem.com/
- place: newcastle
  website: https://www.newcastlewa.gov/
- place: newport
  website: https://newport-wa.org/
- place: nooksack
  website: http://www.cityofnooksack.com/
- place: normandy_park
  website: https://normandyparkwa.gov/
- place: north_bend
  website: https://northbendwa.gov/
- place: north_bonneville
  website: https://northbonneville.net/
- place: northport
  website:
- place: oak_harbor
  website: https://www.oakharbor.gov/
- place: oakesdale
  website: https://www.oakesdale.org/
- place: oakville
  website: https://www.oakvillecityhall.com/
- place: ocean_shores
  website: https://www.osgov.com/
- place: odessa
  website: https://odessawa.org/
- place: okanogan
  website: https://www.okanogancity.com/
- place: olympia
  website: https://www.olympiawa.gov/
- place: omak
  website: https://www.omakcity.com/
- place: oroville
  website: https://oroville-wa.com/
- place: orting
  website: https://www.cityoforting.org/
- place: othello
  website: https://www.othellowa.gov/
- place: pacific
  website: https://www.pacificwa.gov/
- place: palouse
  website: https://www.palousewa.gov/
- place: pasco
  website: https://www.pasco-wa.gov/
- place: pateros
  website: https://www.pateros.com/
- place: pe_ell
  website: https://www.townofpeell.com/
- place: pomeroy
  website: https://www.cityofpomeroy1.com/
- place: port_angeles
  website: https://www.cityofpa.us/
- place: port_orchard
  website: https://portorchardwa.gov/
- place: port_townsend
  website: https://cityofpt.us/
- place: poulsbo
  website: https://cityofpoulsbo.com/
- place: prescott
  website:
- place: prosser
  website: https://cityofprosser.com/
- place: pullman
  website: https://www.pullman-wa.gov/
- place: puyallup
  website: https://www.cityofpuyallup.org/
- place: quincy
  website: https://www.quincywashington.us/
- place: rainier
  website: https://www.cityofrainierwa.org/
- place: raymond
  website: https://cityofraymond.com/
- place: reardan
  website:
- place: redmond
  website: https://www.redmond.gov/
- place: renton
  website: https://www.rentonwa.gov/
- place: republic
  website: https://www.cityofrepublic.org/
- place: richland
  website: https://www.ci.richland.wa.us/
- place: ridgefield
  website: https://ridgefieldwa.us/
- place: ritzville
  website: https://www.cityofritzville.com/
- place: riverside
  website:
- place: rock_island
  website: https://www.rockislandwa.gov/
- place: rockford
  website: https://www.rockfordwa.com/
- place: rosalia
  website: https://townofrosalia.net/
- place: roslyn
  website: https://www.ci.roslyn.wa.us/
- place: roy
  website: https://cityofroywa.us/
- place: royal_city
  website: https://www.royalcitywa.org/
- place: ruston
  website: https://www.rustonwa.org/
- place: sammamish
  website: https://www.sammamish.us/
- place: seatac
  website: https://www.seatacwa.gov/
- place: seattle
  website: https://www.seattle.gov/
- place: sedro-woolley
  website: https://www.sedro-woolley.gov/
- place: selah
  website: https://selahwa.gov
- place: sequim
  website: https://www.sequimwa.gov/
- place: shelton
  website: https://www.sheltonwa.gov/
- place: shoreline
  website: https://www.shorelinewa.gov/
- place: skykomish
  website: https://skykomishwa.gov/
- place: snohomish
  website: https://www.snohomishwa.gov/
- place: snoqualmie
  website: https://www.snoqualmiewa.gov/
- place: soap_lake
  website: https://www.soaplakewa.gov
- place: south_bend
  website: https://southbend-wa.gov/
- place: south_cle_elum
  website:
- place: south_prairie
  website: https://www.townofsp.com/
- place: spangle
  website:
- place: spokane
  website: https://my.spokanecity.org/
- place: spokane_valley
  website: https://www.spokanevalleywa.gov/
- place: sprague
  website: https://sprague-wa.us/
- place: springdale
  website:
- place: st._john
  website: https://www.stjohnwa.com/
- place: stanwood
  website: https://stanwoodwa.org/
- place: starbuck
  website:
- place: steilacoom
  website: https://townofsteilacoom.org/
- place: stevenson
  website: https://www.ci.stevenson.wa.us/
- place: sultan
  website: https://www.ci.sultan.wa.us/
- place: sumas
  website: https://www.cityofsumas.com/
- place: sumner
  website: https://sumnerwa.gov/
- place: sunnyside
  website: https://www.sunnyside-wa.gov/
- place: tacoma
  website: https://www.cityoftacoma.org/
- place: tekoa
  website: https://www.tekoawa.com/
- place: tenino
  website: https://www.cityoftenino.us/
- place: tieton
  website: https://cityoftieton.com/
- place: toledo
  website: https://toledowa.us/
- place: tonasket
  website: https://www.tonasketwa.gov/
- place: toppenish
  website: https://www.toppenish.gov/
- place: tukwila
  website: https://www.tukwilawa.gov/
- place: tumwater
  website: https://www.ci.tumwater.wa.us/
- place: twisp
  website: https://www.townoftwisp.com/
- place: union_gap
  website: https://uniongapwa.gov/
- place: uniontown
  website: https://uniontownwa.org/
- place: university_place
  website: https://www.cityofup.com/
- place: vader
  website: https://www.vaderwa.org/
- place: vancouver
  website: https://www.cityofvancouver.us/
- place: waitsburg
  website: https://www.cityofwaitsburg.com/
- place: walla_walla
  website: https://www.wallawallawa.gov/
- place: wapato
  website: https://wapato-city.org/
- place: warden
  website: https://cityofwarden.org/
- place: washougal
  website: https://www.cityofwashougal.us/
- place: washtucna
  website: https://washtucna.org/
- place: waterville
  website: https://www.watervillewa.com/
- place: waverly
  website:
- place: wenatchee
  website: https://www.wenatcheewa.gov/
- place: west_richland
  website: https://www.westrichland.org/
- place: westport
  website: https://www.ci.westport.wa.us/
- place: white_salmon
  website: https://www.whitesalmonwa.gov/
- place: wilbur
  website: http://www.wilburwa.com/
- place: wilkeson
  website: https://www.townofwilkeson.com/
- place: wilson_creek
  website: http://www.wilsoncreekwa.com/
- place: winlock
  website: https://cityofwinlock.com/
- place: winthrop
  website: http://www.townofwinthrop.com/
- place: woodinville
  website: https://www.ci.woodinville.wa.us/
- place: woodland
  website: https://www.ci.woodland.wa.us/
- place: woodway
  website: https://www.townofwoodway.com/
- place: yacolt
  website: https://www.townofyacolt.com/
- place: yakima
  website: https://www.yakimawa.gov/
- place: yarrow_point
  website: https://yarrowpointwa.gov/
- place: yelm
  website: https://www.yelmwa.gov/
- place: zillah
  website: https://www.cityofzillah.us/
